,unigram_values,bigram_values,trigram_values
0,49.291756597169545,27.613996507203666,6.090227318405086
1,0.0,0.0,0.0
2,75.21912918532749,39.982550743494336,6.80089748001859
3,40.79130285776288,26.39574864499355,4.720347472408436
4,0.0,0.0,0.0
5,98.98381157654785,66.18447062679505,12.465318157113911
6,59.49284291604349,36.54582638438429,5.903583731857366
7,113.864172956386,76.75200656308733,14.73206501685934
8,27.750630447330096,15.421889419201827,2.6079432498230117
9,0.0,0.0,0.0
