,unigram_values,bigram_values,trigram_values
0,23.378573716367825,12.723374768799628,3.0504973977658154
1,39.34703849685161,18.47072701979802,4.1882911993671135
2,45.188940481157665,20.39961146575559,5.101887485957555
3,45.52090628114845,19.348691752062923,4.597601362741858
4,16.801339453972822,7.052021167795461,1.476009861960255
5,45.288735782054005,21.984328289288573,3.8914683563367167
