,unigram_values,bigram_values
0,0.0,0.0
1,45.10229698092796,14.85257453958772
2,179.00650605360158,55.3253176734391
3,12.660362757564156,4.610026443249555
4,31.835904138516312,10.99635610843882
5,29.223749087942778,10.098935484307281
6,3.774873520012514,0.8038806621664447
7,0.0,0.0
8,0.0,0.0
9,7.748886854402714,1.8706094671658093
10,8.172145620886168,2.2192174274564196
