,unigram_values,bigram_values,trigram_values
0,10.100232274087924,3.4934102680317114,0.8747288942500531
1,13.135523760904473,3.5235115510971555,0.8272215692812485
2,52.89280582779438,15.85821608379992,3.9451226676058635
3,46.284510397858,13.787442292195951,3.4416549177262183
